{
    "szkodzić": "harm",
    "globalne ocieplenie": "global warming",
    "paliwo kopalne": "fossil fuel",
    "energia": "energy",
    "emisje": "emissions",
    "zmiana klimatu": "climate change",
    "substancja chemiczna": "chemical",
    "dwutlenek węgla": "carbon dioxide",
    "alternatywna energia": "alternative energy",
    "kwaśny deszcz": "acid rain",
    "drewno": "timber",
    "przełączyć": "switch",
    "przetrwać": "survive",
    "hasło reklamowe": "slogan",
    "odmawiać": "refuse",
    "grupa nacisku": "pressure group",
    "polityka": "policy",
    "kawałek drewna": "piece of wood",
    "w ogniu": "on fire",
    "zasoby naturalne": "natural resources",
    "inspirować": "inspire",
    "rząd": "government",
    "strajkować": "go on strike",
    "niszczyć": "destroy",
    "kampania": "campaign",
    "aktywista": "activist",
    "kran": "tap",
    "powtarzać, utrwalać": "revise",
    "topnieć": "melt",
    "lód": "ice",
    "stopień, klasa": "grade",
    "puszka": "can",
    "wilk": "wolf",
    "dzika przyroda": "wildlife",
    "zagrożony": "threatened",
    "ryzyko": "risk",
    "uratować": "rescue",
    "odtworzyć": "recreate",
    "naturalny stan": "natural state",
    "ojczysty": "native",
    "park narodowy": "national park",
    "w dziczy": "in the wild",
    "w niebezpieczeństwie": "in danger",
    "polowanie": "hunting",
    "środowisko": "habitat",
    "wyginięcie": "extinction",
    "ekolog": "environmentalist",
    "zagrożone gatunki": "endangered species",
    "ekosystem": "ecosystem",
    "ochrona": "conservation",
    "niedźwiedź": "bear",
    "równowaga": "balance",
    "zaleta": "advantage",
    "Być może będziesz chciał/chciała...": "You might want to ...",
    "Tak. Tak zrobię.": "Yes. I'll do that.",
    "A może...?": "Why don't you ...?",
    "Co ty byś zrobił/zrobiła?": "What would you do?",
    "Co powinienem/powinnam zrobić?": "What should I do?",
    "Co proponujesz, bym zrobił/zrobiła?": "What do you suggest I do?",
    "To dobry pomysł.": "That's a good idea.",
    "Słusznie.": "Right.",
    "Być może to dobry pomysł, by...": "It might be a good idea to ...",
    "Gdybym był/była na twoim miejscu...": "If I were you, I'd / I wouldn't ...,",
    "Uważam, że nie powinieneś / nie powinniśmy...": "I (don't) think you / we should ...",
    "Czy uważasz, że powinienem/powinnam...?": "Do you think I should ...?",
    "To bardzo dziwne.": "That's very odd.",
    "krem z filtrem przeciwsłonecznym": "sunblock",
    "śpiący": "sleepy",
    "odbywać próby": "rehearse",
    "kieszeń": "pocket",
    "zaspać": "oversleep",
    "Przestań gderać!": "Oh, stop nagging!",
    "Obiecałem/Obiecałam...": "I promised ...",
    "Zadzwonię do ciebie.": "I'll ring you.",
    "Mam nadzieję, że wszystko jest w porządku.": "I hope nothing's wrong.",
    "przewodnik": "guide book",
    "badać": "explore",
    "uspokój się.": "Calm down.",
    "pilny": "urgent",
    "brać udział w": "take part in",
    "wspierać": "support",
    "sponsorowany": "sponsored",
    "nagroda": "prize",
    "nosorożec": "rhino",
    "zbierać pieniądze": "raise money",
    "los na loterię": "raffle ticket",
    "organizacja non profit (nienastawiona na zyski)": "non-profit organization",
    "międzynarodowa organizacja pomocowa": "international aid organization",
    "bezdomny": "homeless",
    "rok przerwy przed pójściem na studia": "gap year",
    "kwestowanie": "fundraising",
    "przekazać darowiznę": "donate",
    "katastrofa": "disaster",
    "organizacja charytatywna": "charity",
    "apel": "appeal",
    "pomoc": "aid",
    "dach": "roof",
    "fundusze": "funds",
    "rozważyć": "consider",
    "dostępny": "available"
}